INSERT INTO regions (REGION_ID,region_name) VALUES (1,'KL');
INSERT INTO regions (REGION_ID,region_name) VALUES (2,'AP');
INSERT INTO regions (REGION_ID,region_name) VALUES (3,'Maharastra');
INSERT INTO regions (REGION_ID,region_name) VALUES (4,'UP');
INSERT INTO regions (REGION_ID,region_name) VALUES (5,'Karnataka');
INSERT INTO regions (REGION_ID,region_name) VALUES (6,'AP');
INSERT INTO regions (REGION_ID,region_name) VALUES (7,'Rajasthan');
INSERT INTO regions (REGION_ID,region_name) VALUES (8,'Karnataka');
INSERT INTO regions (REGION_ID,region_name) VALUES (9,'Uttarakhand');
INSERT INTO regions (REGION_ID,region_name) VALUES (10,'Jharkhand');
INSERT INTO regions (REGION_ID,region_name) VALUES (11,'Jharkhand');
INSERT INTO regions (REGION_ID,region_name) VALUES (12,'OR');
INSERT INTO regions (REGION_ID,region_name) VALUES (13,'HR');
INSERT INTO regions (REGION_ID,region_name) VALUES (14,'Jammu and Kashmir');
INSERT INTO regions (REGION_ID,region_name) VALUES (15,'West Bengal');
INSERT INTO regions (REGION_ID,region_name) VALUES (16,'Andhra Pradesh');
INSERT INTO regions (REGION_ID,region_name) VALUES (17,'Uttar Pradesh');
INSERT INTO regions (REGION_ID,region_name) VALUES (18,'AS');
INSERT INTO regions (REGION_ID,region_name) VALUES (19,'KA');
INSERT INTO regions (REGION_ID,region_name) VALUES (20,'AP');
INSERT INTO regions (REGION_ID,region_name) VALUES (21,'Rajasthan');
INSERT INTO regions (REGION_ID,region_name) VALUES (22,'Maharastra');
INSERT INTO regions (REGION_ID,region_name) VALUES (23,'WB');
INSERT INTO regions (REGION_ID,region_name) VALUES (24,'MH');
INSERT INTO regions (REGION_ID,region_name) VALUES (25,'Uttar Pradesh');
INSERT INTO regions (REGION_ID,region_name) VALUES (26,'GJ');
INSERT INTO regions (REGION_ID,region_name) VALUES (27,'WB');
INSERT INTO regions (REGION_ID,region_name) VALUES (28,'MP');
INSERT INTO regions (REGION_ID,region_name) VALUES (29,'Bihar');
INSERT INTO regions (REGION_ID,region_name) VALUES (30,'Bihar');
INSERT INTO regions (REGION_ID,region_name) VALUES (31,'JK');
INSERT INTO regions (REGION_ID,region_name) VALUES (32,'Rajasthan');
INSERT INTO regions (REGION_ID,region_name) VALUES (33,'TN');
INSERT INTO regions (REGION_ID,region_name) VALUES (34,'GJ');
INSERT INTO regions (REGION_ID,region_name) VALUES (35,'Odisha');
INSERT INTO regions (REGION_ID,region_name) VALUES (36,'MH');
INSERT INTO regions (REGION_ID,region_name) VALUES (37,'West Bengal');
INSERT INTO regions (REGION_ID,region_name) VALUES (38,'West Bengal');
INSERT INTO regions (REGION_ID,region_name) VALUES (39,'Uttarakhand');
INSERT INTO regions (REGION_ID,region_name) VALUES (40,'MP');
INSERT INTO regions (REGION_ID,region_name) VALUES (41,'Bihar');
INSERT INTO regions (REGION_ID,region_name) VALUES (42,'Bihar');
INSERT INTO regions (REGION_ID,region_name) VALUES (43,'AP');
INSERT INTO regions (REGION_ID,region_name) VALUES (44,'RJ');
INSERT INTO regions (REGION_ID,region_name) VALUES (45,'RJ');
INSERT INTO regions (REGION_ID,region_name) VALUES (46,'UP');
INSERT INTO regions (REGION_ID,region_name) VALUES (47,'MP');
INSERT INTO regions (REGION_ID,region_name) VALUES (48,'Tamil Nadu');
INSERT INTO regions (REGION_ID,region_name) VALUES (49,'RJ');
INSERT INTO regions (REGION_ID,region_name) VALUES (50,'OR');
INSERT INTO regions (REGION_ID,region_name) VALUES (51,'West Bengal');
INSERT INTO regions (REGION_ID,region_name) VALUES (52,'West Bengal');
INSERT INTO regions (REGION_ID,region_name) VALUES (53,'KA');
INSERT INTO regions (REGION_ID,region_name) VALUES (54,'AP');
INSERT INTO regions (REGION_ID,region_name) VALUES (55,'MH');
INSERT INTO regions (REGION_ID,region_name) VALUES (56,'Meghalaya');
INSERT INTO regions (REGION_ID,region_name) VALUES (57,'JH');
INSERT INTO regions (REGION_ID,region_name) VALUES (58,'UP');
INSERT INTO regions (REGION_ID,region_name) VALUES (59,'UP');
INSERT INTO regions (REGION_ID,region_name) VALUES (60,'Andhra Pradesh');
INSERT INTO regions (REGION_ID,region_name) VALUES (61,'Uttar Pradesh');
INSERT INTO regions (REGION_ID,region_name) VALUES (62,'Gujarat');
INSERT INTO regions (REGION_ID,region_name) VALUES (63,'Karnataka');
INSERT INTO regions (REGION_ID,region_name) VALUES (64,'Maharastra');
INSERT INTO regions (REGION_ID,region_name) VALUES (65,'Uttar Pradesh');
INSERT INTO regions (REGION_ID,region_name) VALUES (66,'UP');
INSERT INTO regions (REGION_ID,region_name) VALUES (67,'BR');
INSERT INTO regions (REGION_ID,region_name) VALUES (68,'AS');
INSERT INTO regions (REGION_ID,region_name) VALUES (69,'Rajasthan');
INSERT INTO regions (REGION_ID,region_name) VALUES (70,'BR');
INSERT INTO regions (REGION_ID,region_name) VALUES (71,'Uttar Pradesh');
INSERT INTO regions (REGION_ID,region_name) VALUES (72,'Bihar');
INSERT INTO regions (REGION_ID,region_name) VALUES (73,'Assam');
INSERT INTO regions (REGION_ID,region_name) VALUES (74,'Kerala');
INSERT INTO regions (REGION_ID,region_name) VALUES (75,'Bihar');
INSERT INTO regions (REGION_ID,region_name) VALUES (76,'Punjab');
INSERT INTO regions (REGION_ID,region_name) VALUES (77,'Delhi');
INSERT INTO regions (REGION_ID,region_name) VALUES (78,'PB');
INSERT INTO regions (REGION_ID,region_name) VALUES (79,'Bihar');
INSERT INTO regions (REGION_ID,region_name) VALUES (80,'Odisha');
INSERT INTO regions (REGION_ID,region_name) VALUES (81,'Tamil Nadu');
INSERT INTO regions (REGION_ID,region_name) VALUES (82,'TN');
INSERT INTO regions (REGION_ID,region_name) VALUES (83,'Chhattisgarh');
INSERT INTO regions (REGION_ID,region_name) VALUES (84,'Andhra Pradesh');
INSERT INTO regions (REGION_ID,region_name) VALUES (85,'Madhya Pradesh');
INSERT INTO regions (REGION_ID,region_name) VALUES (86,'OR');
INSERT INTO regions (REGION_ID,region_name) VALUES (87,'Tamil Nadu');
INSERT INTO regions (REGION_ID,region_name) VALUES (88,'Uttar Pradesh');
INSERT INTO regions (REGION_ID,region_name) VALUES (89,'JK');
INSERT INTO regions (REGION_ID,region_name) VALUES (90,'Jharkhand');
INSERT INTO regions (REGION_ID,region_name) VALUES (91,'Andhra Pradesh');
INSERT INTO regions (REGION_ID,region_name) VALUES (92,'TN');
INSERT INTO regions (REGION_ID,region_name) VALUES (93,'AP');
INSERT INTO regions (REGION_ID,region_name) VALUES (94,'UP');
INSERT INTO regions (REGION_ID,region_name) VALUES (95,'TN');
INSERT INTO regions (REGION_ID,region_name) VALUES (96,'Tamil Nadu');
INSERT INTO regions (REGION_ID,region_name) VALUES (97,'TN');
INSERT INTO regions (REGION_ID,region_name) VALUES (98,'AS');
INSERT INTO regions (REGION_ID,region_name) VALUES (99,'JK');
INSERT INTO regions (REGION_ID,region_name) VALUES (100,'AS');
INSERT INTO regions (REGION_ID,region_name) VALUES (1,'KL');
INSERT INTO regions (REGION_ID,region_name) VALUES (2,'Jammu and Kashmir');
INSERT INTO regions (REGION_ID,region_name) VALUES (3,'BR');
INSERT INTO regions (REGION_ID,region_name) VALUES (4,'Maharastra');
INSERT INTO regions (REGION_ID,region_name) VALUES (5,'GJ');
INSERT INTO regions (REGION_ID,region_name) VALUES (6,'Tamil Nadu');
INSERT INTO regions (REGION_ID,region_name) VALUES (7,'Rajasthan');
INSERT INTO regions (REGION_ID,region_name) VALUES (8,'Karnataka');
INSERT INTO regions (REGION_ID,region_name) VALUES (9,'Kerala');
INSERT INTO regions (REGION_ID,region_name) VALUES (10,'Madhya Pradesh');
INSERT INTO regions (REGION_ID,region_name) VALUES (11,'BR');
INSERT INTO regions (REGION_ID,region_name) VALUES (12,'Uttar Pradesh');
INSERT INTO regions (REGION_ID,region_name) VALUES (13,'TN');
INSERT INTO regions (REGION_ID,region_name) VALUES (14,'RJ');
INSERT INTO regions (REGION_ID,region_name) VALUES (15,'GJ');
INSERT INTO regions (REGION_ID,region_name) VALUES (16,'UP');
INSERT INTO regions (REGION_ID,region_name) VALUES (17,'MP');
INSERT INTO regions (REGION_ID,region_name) VALUES (18,'Tamil Nadu');
INSERT INTO regions (REGION_ID,region_name) VALUES (19,'RJ');
INSERT INTO regions (REGION_ID,region_name) VALUES (20,'UP');
INSERT INTO regions (REGION_ID,region_name) VALUES (21,'GJ');
INSERT INTO regions (REGION_ID,region_name) VALUES (22,'KA');
INSERT INTO regions (REGION_ID,region_name) VALUES (23,'Bihar');
INSERT INTO regions (REGION_ID,region_name) VALUES (24,'HR');
INSERT INTO regions (REGION_ID,region_name) VALUES (25,'TN');
INSERT INTO regions (REGION_ID,region_name) VALUES (26,'UP');
INSERT INTO regions (REGION_ID,region_name) VALUES (27,'Rajasthan');
INSERT INTO regions (REGION_ID,region_name) VALUES (28,'RJ');
INSERT INTO regions (REGION_ID,region_name) VALUES (29,'Tamil Nadu');
INSERT INTO regions (REGION_ID,region_name) VALUES (30,'WB');
INSERT INTO regions (REGION_ID,region_name) VALUES (31,'Maharastra');
INSERT INTO regions (REGION_ID,region_name) VALUES (32,'UP');
INSERT INTO regions (REGION_ID,region_name) VALUES (33,'HR');
INSERT INTO regions (REGION_ID,region_name) VALUES (34,'MH');
INSERT INTO regions (REGION_ID,region_name) VALUES (35,'Haryana');
INSERT INTO regions (REGION_ID,region_name) VALUES (36,'Gujarat');
INSERT INTO regions (REGION_ID,region_name) VALUES (37,'Himachal Pradesh');
INSERT INTO regions (REGION_ID,region_name) VALUES (38,'UP');
INSERT INTO regions (REGION_ID,region_name) VALUES (39,'Tamil Nadu');
INSERT INTO regions (REGION_ID,region_name) VALUES (40,'KA');
INSERT INTO regions (REGION_ID,region_name) VALUES (41,'Tamil Nadu');
INSERT INTO regions (REGION_ID,region_name) VALUES (42,'RJ');
INSERT INTO regions (REGION_ID,region_name) VALUES (43,'Maharastra');
INSERT INTO regions (REGION_ID,region_name) VALUES (44,'KL');
INSERT INTO regions (REGION_ID,region_name) VALUES (45,'KA');
INSERT INTO regions (REGION_ID,region_name) VALUES (46,'Madhya Pradesh');
INSERT INTO regions (REGION_ID,region_name) VALUES (47,'Madhya Pradesh');
INSERT INTO regions (REGION_ID,region_name) VALUES (48,'Himachal Pradesh');
INSERT INTO regions (REGION_ID,region_name) VALUES (49,'UP');
INSERT INTO regions (REGION_ID,region_name) VALUES (50,'UP');
INSERT INTO regions (REGION_ID,region_name) VALUES (51,'Uttar Pradesh');
INSERT INTO regions (REGION_ID,region_name) VALUES (52,'WB');
INSERT INTO regions (REGION_ID,region_name) VALUES (53,'TN');
INSERT INTO regions (REGION_ID,region_name) VALUES (54,'JH');
INSERT INTO regions (REGION_ID,region_name) VALUES (55,'TN');
INSERT INTO regions (REGION_ID,region_name) VALUES (56,'RJ');
INSERT INTO regions (REGION_ID,region_name) VALUES (57,'Chhattisgarh');
INSERT INTO regions (REGION_ID,region_name) VALUES (58,'UP');
INSERT INTO regions (REGION_ID,region_name) VALUES (59,'TN');
INSERT INTO regions (REGION_ID,region_name) VALUES (60,'Maharastra');
INSERT INTO regions (REGION_ID,region_name) VALUES (61,'MH');
INSERT INTO regions (REGION_ID,region_name) VALUES (62,'TN');
INSERT INTO regions (REGION_ID,region_name) VALUES (63,'Odisha');
INSERT INTO regions (REGION_ID,region_name) VALUES (64,'KA');
INSERT INTO regions (REGION_ID,region_name) VALUES (65,'Andhra Pradesh');
INSERT INTO regions (REGION_ID,region_name) VALUES (66,'UP');
INSERT INTO regions (REGION_ID,region_name) VALUES (67,'Uttar Pradesh');
INSERT INTO regions (REGION_ID,region_name) VALUES (68,'Bihar');
INSERT INTO regions (REGION_ID,region_name) VALUES (69,'OR');
INSERT INTO regions (REGION_ID,region_name) VALUES (70,'BR');
INSERT INTO regions (REGION_ID,region_name) VALUES (71,'MH');
INSERT INTO regions (REGION_ID,region_name) VALUES (72,'Madhya Pradesh');
INSERT INTO regions (REGION_ID,region_name) VALUES (73,'GJ');
INSERT INTO regions (REGION_ID,region_name) VALUES (74,'Gujarat');
INSERT INTO regions (REGION_ID,region_name) VALUES (75,'RJ');
INSERT INTO regions (REGION_ID,region_name) VALUES (76,'West Bengal');
INSERT INTO regions (REGION_ID,region_name) VALUES (77,'Maharastra');
INSERT INTO regions (REGION_ID,region_name) VALUES (78,'MP');
INSERT INTO regions (REGION_ID,region_name) VALUES (79,'MP');
INSERT INTO regions (REGION_ID,region_name) VALUES (80,'JH');
INSERT INTO regions (REGION_ID,region_name) VALUES (81,'Uttar Pradesh');
INSERT INTO regions (REGION_ID,region_name) VALUES (82,'Karnataka');
INSERT INTO regions (REGION_ID,region_name) VALUES (83,'Uttar Pradesh');
INSERT INTO regions (REGION_ID,region_name) VALUES (84,'MP');
INSERT INTO regions (REGION_ID,region_name) VALUES (85,'Bihar');
INSERT INTO regions (REGION_ID,region_name) VALUES (86,'OR');
INSERT INTO regions (REGION_ID,region_name) VALUES (87,'Bihar');
INSERT INTO regions (REGION_ID,region_name) VALUES (88,'Gujarat');
INSERT INTO regions (REGION_ID,region_name) VALUES (89,'West Bengal');
INSERT INTO regions (REGION_ID,region_name) VALUES (90,'MP');
INSERT INTO regions (REGION_ID,region_name) VALUES (91,'BR');
INSERT INTO regions (REGION_ID,region_name) VALUES (92,'West Bengal');
INSERT INTO regions (REGION_ID,region_name) VALUES (93,'GJ');
INSERT INTO regions (REGION_ID,region_name) VALUES (94,'Uttar Pradesh');
INSERT INTO regions (REGION_ID,region_name) VALUES (95,'Maharastra');
INSERT INTO regions (REGION_ID,region_name) VALUES (96,'Odisha');
INSERT INTO regions (REGION_ID,region_name) VALUES (97,'GJ');
INSERT INTO regions (REGION_ID,region_name) VALUES (98,'Maharastra');
INSERT INTO regions (REGION_ID,region_name) VALUES (99,'Bihar');
INSERT INTO regions (REGION_ID,region_name) VALUES (100,'CT');




INSERT INTO countries (country_id,country_name,region_id) VALUES ('TR','India',1);
INSERT INTO countries (country_id,country_name,region_id) VALUES ('DL','India',2);
INSERT INTO countries (country_id,country_name,region_id) VALUES ('MN','India',3);
INSERT INTO countries (country_id,country_name,region_id) VALUES ('MP','India',4);
INSERT INTO countries (country_id,country_name,region_id) VALUES ('CH','India',5);
INSERT INTO countries (country_id,country_name,region_id) VALUES ('MZ','India',6);
INSERT INTO countries (country_id,country_name,region_id) VALUES ('JK','India',7);
INSERT INTO countries (country_id,country_name,region_id) VALUES ('KA','India',8);
INSERT INTO countries (country_id,country_name,region_id) VALUES ('KL','India',9);
INSERT INTO countries (country_id,country_name,region_id) VALUES ('MP','India',10);
INSERT INTO countries (country_id,country_name,region_id) VALUES ('KA','India',11);
INSERT INTO countries (country_id,country_name,region_id) VALUES ('BR','India',12);
INSERT INTO countries (country_id,country_name,region_id) VALUES ('AR','India',13);
INSERT INTO countries (country_id,country_name,region_id) VALUES ('SK','India',14);
INSERT INTO countries (country_id,country_name,region_id) VALUES ('TN','India',15);
INSERT INTO countries (country_id,country_name,region_id) VALUES ('UP','India',16);
INSERT INTO countries (country_id,country_name,region_id) VALUES ('BR','India',17);
INSERT INTO countries (country_id,country_name,region_id) VALUES ('LD','India',18);
INSERT INTO countries (country_id,country_name,region_id) VALUES ('AP','India',19);
INSERT INTO countries (country_id,country_name,region_id) VALUES ('BR','India',20);
INSERT INTO countries (country_id,country_name,region_id) VALUES ('JH','India',21);
INSERT INTO countries (country_id,country_name,region_id) VALUES ('PY','India',22);
INSERT INTO countries (country_id,country_name,region_id) VALUES ('AS','India',23);
INSERT INTO countries (country_id,country_name,region_id) VALUES ('CT','India',24);
INSERT INTO countries (country_id,country_name,region_id) VALUES ('PB','India',25);
INSERT INTO countries (country_id,country_name,region_id) VALUES ('UT','India',26);
INSERT INTO countries (country_id,country_name,region_id) VALUES ('HP','India',27);
INSERT INTO countries (country_id,country_name,region_id) VALUES ('ML','India',28);
INSERT INTO countries (country_id,country_name,region_id) VALUES ('HP','India',29);
INSERT INTO countries (country_id,country_name,region_id) VALUES ('DN','India',30);
INSERT INTO countries (country_id,country_name,region_id) VALUES ('AS','India',31);
INSERT INTO countries (country_id,country_name,region_id) VALUES ('WB','India',32);
INSERT INTO countries (country_id,country_name,region_id) VALUES ('WB','India',33);
INSERT INTO countries (country_id,country_name,region_id) VALUES ('AN','India',34);
INSERT INTO countries (country_id,country_name,region_id) VALUES ('CH','India',35);
INSERT INTO countries (country_id,country_name,region_id) VALUES ('WB','India',36);
INSERT INTO countries (country_id,country_name,region_id) VALUES ('DN','India',37);
INSERT INTO countries (country_id,country_name,region_id) VALUES ('TR','India',38);
INSERT INTO countries (country_id,country_name,region_id) VALUES ('MN','India',39);
INSERT INTO countries (country_id,country_name,region_id) VALUES ('PY','India',40);
INSERT INTO countries (country_id,country_name,region_id) VALUES ('JH','India',41);
INSERT INTO countries (country_id,country_name,region_id) VALUES ('RJ','India',42);
INSERT INTO countries (country_id,country_name,region_id) VALUES ('DN','India',43);
INSERT INTO countries (country_id,country_name,region_id) VALUES ('MH','India',44);
INSERT INTO countries (country_id,country_name,region_id) VALUES ('CH','India',45);
INSERT INTO countries (country_id,country_name,region_id) VALUES ('BR','India',46);
INSERT INTO countries (country_id,country_name,region_id) VALUES ('TN','India',47);
INSERT INTO countries (country_id,country_name,region_id) VALUES ('BR','India',48);
INSERT INTO countries (country_id,country_name,region_id) VALUES ('AN','India',49);
INSERT INTO countries (country_id,country_name,region_id) VALUES ('TN','India',50);
INSERT INTO countries (country_id,country_name,region_id) VALUES ('KL','India',51);
INSERT INTO countries (country_id,country_name,region_id) VALUES ('SK','India',52);
INSERT INTO countries (country_id,country_name,region_id) VALUES ('OR','India',53);
INSERT INTO countries (country_id,country_name,region_id) VALUES ('PB','India',54);
INSERT INTO countries (country_id,country_name,region_id) VALUES ('AR','India',55);
INSERT INTO countries (country_id,country_name,region_id) VALUES ('TR','India',56);
INSERT INTO countries (country_id,country_name,region_id) VALUES ('JK','India',57);
INSERT INTO countries (country_id,country_name,region_id) VALUES ('GJ','India',58);
INSERT INTO countries (country_id,country_name,region_id) VALUES ('AS','India',59);
INSERT INTO countries (country_id,country_name,region_id) VALUES ('UT','India',60);
INSERT INTO countries (country_id,country_name,region_id) VALUES ('CH','India',61);
INSERT INTO countries (country_id,country_name,region_id) VALUES ('AS','India',62);
INSERT INTO countries (country_id,country_name,region_id) VALUES ('KA','India',63);
INSERT INTO countries (country_id,country_name,region_id) VALUES ('AP','India',64);
INSERT INTO countries (country_id,country_name,region_id) VALUES ('LD','India',65);
INSERT INTO countries (country_id,country_name,region_id) VALUES ('UT','India',66);
INSERT INTO countries (country_id,country_name,region_id) VALUES ('KA','India',67);
INSERT INTO countries (country_id,country_name,region_id) VALUES ('HR','India',68);
INSERT INTO countries (country_id,country_name,region_id) VALUES ('HP','India',69);
INSERT INTO countries (country_id,country_name,region_id) VALUES ('PY','India',70);
INSERT INTO countries (country_id,country_name,region_id) VALUES ('ML','India',71);
INSERT INTO countries (country_id,country_name,region_id) VALUES ('MH','India',72);
INSERT INTO countries (country_id,country_name,region_id) VALUES ('PY','India',73);
INSERT INTO countries (country_id,country_name,region_id) VALUES ('NL','India',74);
INSERT INTO countries (country_id,country_name,region_id) VALUES ('OR','India',75);
INSERT INTO countries (country_id,country_name,region_id) VALUES ('DL','India',76);
INSERT INTO countries (country_id,country_name,region_id) VALUES ('JH','India',77);
INSERT INTO countries (country_id,country_name,region_id) VALUES ('AP','India',78);
INSERT INTO countries (country_id,country_name,region_id) VALUES ('NL','India',79);
INSERT INTO countries (country_id,country_name,region_id) VALUES ('UT','India',80);
INSERT INTO countries (country_id,country_name,region_id) VALUES ('AN','India',81);
INSERT INTO countries (country_id,country_name,region_id) VALUES ('AS','India',82);
INSERT INTO countries (country_id,country_name,region_id) VALUES ('DD','India',83);
INSERT INTO countries (country_id,country_name,region_id) VALUES ('RJ','India',84);
INSERT INTO countries (country_id,country_name,region_id) VALUES ('MZ','India',85);
INSERT INTO countries (country_id,country_name,region_id) VALUES ('RJ','India',86);
INSERT INTO countries (country_id,country_name,region_id) VALUES ('AR','India',87);
INSERT INTO countries (country_id,country_name,region_id) VALUES ('GA','India',88);
INSERT INTO countries (country_id,country_name,region_id) VALUES ('RJ','India',89);
INSERT INTO countries (country_id,country_name,region_id) VALUES ('RJ','India',90);
INSERT INTO countries (country_id,country_name,region_id) VALUES ('RJ','India',91);
INSERT INTO countries (country_id,country_name,region_id) VALUES ('BR','India',92);
INSERT INTO countries (country_id,country_name,region_id) VALUES ('MZ','India',93);
INSERT INTO countries (country_id,country_name,region_id) VALUES ('UP','India',94);
INSERT INTO countries (country_id,country_name,region_id) VALUES ('LD','India',95);
INSERT INTO countries (country_id,country_name,region_id) VALUES ('TR','India',96);
INSERT INTO countries (country_id,country_name,region_id) VALUES ('CH','India',97);
INSERT INTO countries (country_id,country_name,region_id) VALUES ('MZ','India',98);
INSERT INTO countries (country_id,country_name,region_id) VALUES ('NL','India',99);
INSERT INTO countries (country_id,country_name,region_id) VALUES ('WB','India',100);


INSERT INTO locations (location_id,address,postal_code,city,state,country_id) VALUES (1,'Mangala','560075','Sambhal','Uttar Pradesh',1);
INSERT INTO locations (location_id,address,postal_code,city,state,country_id) VALUES (2,'Padmajai','711383','Rajkot','Gujarat',1);
INSERT INTO locations (location_id,address,postal_code,city,state,country_id) VALUES (3,'Sushmita','372138','Raurkela Civil Township','Odisha',2);
INSERT INTO locations (location_id,address,postal_code,city,state,country_id) VALUES (4,'Yuvika','410359','Guwahati','Assam',2);
INSERT INTO locations (location_id,address,postal_code,city,state,country_id) VALUES (5,'Deepamala','132282','Jodhpur','RJ',2);
INSERT INTO locations (location_id,address,postal_code,city,state,country_id) VALUES (6,'Veenapani','458574','Belgaum','Karnataka',1);
INSERT INTO locations (location_id,address,postal_code,city,state,country_id) VALUES (7,'Kampana','321629','Rohtak','Haryana',1);
INSERT INTO locations (location_id,address,postal_code,city,state,country_id) VALUES (8,'Dayita','862981','Patna','BR',1);
INSERT INTO locations (location_id,address,postal_code,city,state,country_id) VALUES (9,'Tarunima','729875','Malegaon','Maharastra',1);
INSERT INTO locations (location_id,address,postal_code,city,state,country_id) VALUES (10,'Semanti','263991','Raichur','KA',1);
INSERT INTO locations (location_id,address,postal_code,city,state,country_id) VALUES (11,'Kanitha','729507','Bhavnagar','GJ',2);
INSERT INTO locations (location_id,address,postal_code,city,state,country_id) VALUES (12,'Manjusha','412382','Karnal','Haryana',1);
INSERT INTO locations (location_id,address,postal_code,city,state,country_id) VALUES (13,'Preeti','422136','Veraval','Gujarat',2);
INSERT INTO locations (location_id,address,postal_code,city,state,country_id) VALUES (14,'Sanjushree','433167','Thalassery','Kerala',1);
INSERT INTO locations (location_id,address,postal_code,city,state,country_id) VALUES (15,'Tanvi','131728','Murwara','MP',1);
INSERT INTO locations (location_id,address,postal_code,city,state,country_id) VALUES (16,'Gulab','930683','Pali','Rajasthan',2);
INSERT INTO locations (location_id,address,postal_code,city,state,country_id) VALUES (17,'Sampada','456466','Bhuj','Gujarat',2);
INSERT INTO locations (location_id,address,postal_code,city,state,country_id) VALUES (18,'Dalaja','247240','Trivandrum','KL',1);
INSERT INTO locations (location_id,address,postal_code,city,state,country_id) VALUES (19,'Quasar','492181','Ratlam','MP',2);
INSERT INTO locations (location_id,address,postal_code,city,state,country_id) VALUES (20,'Haimavati','107222','Tambaram','Tamil Nadu',2);
INSERT INTO locations (location_id,address,postal_code,city,state,country_id) VALUES (21,'Mahagauri','180242','Hafizabad','PB',2);
INSERT INTO locations (location_id,address,postal_code,city,state,country_id) VALUES (22,'Bindiya','380253','Rajapalaiyam','TN',2);
INSERT INTO locations (location_id,address,postal_code,city,state,country_id) VALUES (23,'Nandita','232878','Tiruppur','Tamil Nadu',2);
INSERT INTO locations (location_id,address,postal_code,city,state,country_id) VALUES (24,'Poorvi','999887','Vejalpur','GJ',2);
INSERT INTO locations (location_id,address,postal_code,city,state,country_id) VALUES (25,'Mutholi','961889','Rampur','Uttar Pradesh',2);
INSERT INTO locations (location_id,address,postal_code,city,state,country_id) VALUES (26,'Vama','265040','Kamarhati','WB',1);
INSERT INTO locations (location_id,address,postal_code,city,state,country_id) VALUES (27,'Rajalakshmi','781541','Delhi','Delhi',1);
INSERT INTO locations (location_id,address,postal_code,city,state,country_id) VALUES (28,'Parinita','924565','Shahjahanpur','UP',1);
INSERT INTO locations (location_id,address,postal_code,city,state,country_id) VALUES (29,'Trikaya','900833','Vizianagaram','AP',1);
INSERT INTO locations (location_id,address,postal_code,city,state,country_id) VALUES (30,'Shantala','344030','Rewa','MP',1);
INSERT INTO locations (location_id,address,postal_code,city,state,country_id) VALUES (31,'Suvarnarekha','870707','Raipur','Chhattisgarh',1);
INSERT INTO locations (location_id,address,postal_code,city,state,country_id) VALUES (32,'Chandrima','469640','Sambhal','Uttar Pradesh',1);
INSERT INTO locations (location_id,address,postal_code,city,state,country_id) VALUES (33,'Ambika','210134','Junagadh','GJ',1);
INSERT INTO locations (location_id,address,postal_code,city,state,country_id) VALUES (34,'Manya','144045','Malegaon','MH',2);
INSERT INTO locations (location_id,address,postal_code,city,state,country_id) VALUES (35,'Ilisha','658648','Allappuzha','Kerala',1);
INSERT INTO locations (location_id,address,postal_code,city,state,country_id) VALUES (36,'Mandana','455176','Jamshedpur','Jharkhand',2);
INSERT INTO locations (location_id,address,postal_code,city,state,country_id) VALUES (37,'Namya','308356','Ahmadnagar','Maharastra',1);
INSERT INTO locations (location_id,address,postal_code,city,state,country_id) VALUES (38,'Shabalini','267467','Ahmadpur East','PB',2);
INSERT INTO locations (location_id,address,postal_code,city,state,country_id) VALUES (39,'Shravana','336289','Kanpur Cantonment','Uttar Pradesh',1);
INSERT INTO locations (location_id,address,postal_code,city,state,country_id) VALUES (40,'Maushmi','835748','Kanpur Cantonment','UP',2);
INSERT INTO locations (location_id,address,postal_code,city,state,country_id) VALUES (41,'Sushma','771842','Purnea','Jharkhand',1);
INSERT INTO locations (location_id,address,postal_code,city,state,country_id) VALUES (42,'Jalaja','929306','South Dum Dum','West Bengal',2);
INSERT INTO locations (location_id,address,postal_code,city,state,country_id) VALUES (43,'Kirti','711750','Gonda','Uttar Pradesh',2);
INSERT INTO locations (location_id,address,postal_code,city,state,country_id) VALUES (44,'Kashi','268070','Farrukhabad-cum-Fatehgarh','UP',1);
INSERT INTO locations (location_id,address,postal_code,city,state,country_id) VALUES (45,'Somatra','499006','Shimla','Himachal Pradesh',1);
INSERT INTO locations (location_id,address,postal_code,city,state,country_id) VALUES (46,'Mukta','349596','Bhagalpur','Bihar',2);
INSERT INTO locations (location_id,address,postal_code,city,state,country_id) VALUES (47,'Niraimadhi','120268','Burhanpur','MP',1);
INSERT INTO locations (location_id,address,postal_code,city,state,country_id) VALUES (48,'Shweta','183274','Sambalpur','Odisha',2);
INSERT INTO locations (location_id,address,postal_code,city,state,country_id) VALUES (49,'Shikha','799063','Timkur','KA',1);
INSERT INTO locations (location_id,address,postal_code,city,state,country_id) VALUES (50,'Dakshata','297710','Orai','Uttar Pradesh',1);


INSERT INTO warehouses (warehouse_id,warehouse_name,location_id) VALUES (1,'Jansi',1);
INSERT INTO warehouses (warehouse_id,warehouse_name,location_id) VALUES (2,'Ashavari',2);
INSERT INTO warehouses (warehouse_id,warehouse_name,location_id) VALUES (3,'Ikshitha',3);
INSERT INTO warehouses (warehouse_id,warehouse_name,location_id) VALUES (4,'Sampatti',4);
INSERT INTO warehouses (warehouse_id,warehouse_name,location_id) VALUES (5,'Mandana',5);
INSERT INTO warehouses (warehouse_id,warehouse_name,location_id) VALUES (6,'Mithra',6);
INSERT INTO warehouses (warehouse_id,warehouse_name,location_id) VALUES (7,'Ekaja',7);
INSERT INTO warehouses (warehouse_id,warehouse_name,location_id) VALUES (8,'Neeta',8);
INSERT INTO warehouses (warehouse_id,warehouse_name,location_id) VALUES (9,'Tejal',9);
INSERT INTO warehouses (warehouse_id,warehouse_name,location_id) VALUES (10,'Aashika',10);
INSERT INTO warehouses (warehouse_id,warehouse_name,location_id) VALUES (11,'Shyamalika',11);
INSERT INTO warehouses (warehouse_id,warehouse_name,location_id) VALUES (12,'Madhura',12);
INSERT INTO warehouses (warehouse_id,warehouse_name,location_id) VALUES (13,'Changuna',13);
INSERT INTO warehouses (warehouse_id,warehouse_name,location_id) VALUES (14,'Kamali',14);
INSERT INTO warehouses (warehouse_id,warehouse_name,location_id) VALUES (15,'Mallika',15);
INSERT INTO warehouses (warehouse_id,warehouse_name,location_id) VALUES (16,'Shaswati',16);
INSERT INTO warehouses (warehouse_id,warehouse_name,location_id) VALUES (17,'Shefalika',17);
INSERT INTO warehouses (warehouse_id,warehouse_name,location_id) VALUES (18,'Shreeparna',18);
INSERT INTO warehouses (warehouse_id,warehouse_name,location_id) VALUES (19,'Ira',19);
INSERT INTO warehouses (warehouse_id,warehouse_name,location_id) VALUES (20,'Jaiman',20);
INSERT INTO warehouses (warehouse_id,warehouse_name,location_id) VALUES (21,'Shalin',21);
INSERT INTO warehouses (warehouse_id,warehouse_name,location_id) VALUES (22,'Panchali',22);
INSERT INTO warehouses (warehouse_id,warehouse_name,location_id) VALUES (23,'Susmita',23);
INSERT INTO warehouses (warehouse_id,warehouse_name,location_id) VALUES (24,'Ujas',24);
INSERT INTO warehouses (warehouse_id,warehouse_name,location_id) VALUES (25,'Smaram',25);
INSERT INTO warehouses (warehouse_id,warehouse_name,location_id) VALUES (26,'Govindi',26);
INSERT INTO warehouses (warehouse_id,warehouse_name,location_id) VALUES (27,'Leena',27);
INSERT INTO warehouses (warehouse_id,warehouse_name,location_id) VALUES (28,'Utsa',28);
INSERT INTO warehouses (warehouse_id,warehouse_name,location_id) VALUES (29,'Lakshmi',29);
INSERT INTO warehouses (warehouse_id,warehouse_name,location_id) VALUES (30,'Mayura',30);
INSERT INTO warehouses (warehouse_id,warehouse_name,location_id) VALUES (31,'Kashi',31);
INSERT INTO warehouses (warehouse_id,warehouse_name,location_id) VALUES (32,'Dhanapriya',32);
INSERT INTO warehouses (warehouse_id,warehouse_name,location_id) VALUES (33,'Antara',33);
INSERT INTO warehouses (warehouse_id,warehouse_name,location_id) VALUES (34,'Tapasi',34);
INSERT INTO warehouses (warehouse_id,warehouse_name,location_id) VALUES (35,'Cauvery',35);


INSERT INTO employees (employee_id,first_name,last_name,email,phone,hire_date,manager_id,job_title) VALUES (1,'Sylvester','Kevin','Integer.aliquam@consectetuerrhoncus.org','53444798','22-aug-2020',1,'Mi Aliquam Gravida LLP');
INSERT INTO employees (employee_id,first_name,last_name,email,phone,hire_date,manager_id,job_title) VALUES (2,'Wylie','Kareem','lacus.varius@eros.com','01849132','22-aug-2020',2,'Mauris Aliquam LLP');
INSERT INTO employees (employee_id,first_name,last_name,email,phone,hire_date,manager_id,job_title) VALUES (3,'Giacomo','Charles','at@semsempererat.edu','23622017','22-aug-2020',3,'Netus Corp.');
INSERT INTO employees (employee_id,first_name,last_name,email,phone,hire_date,manager_id,job_title) VALUES (4,'Malachi','Leonard','nec@enimnec.net','61096580','22-aug-2020',4,'Magna Incorporated');
INSERT INTO employees (employee_id,first_name,last_name,email,phone,hire_date,manager_id,job_title) VALUES (5,'Garrison','Brady','Nunc@lacinia.co.uk','18959713','22-aug-2020',5,'Cras Pellentesque LLP');
INSERT INTO employees (employee_id,first_name,last_name,email,phone,hire_date,manager_id,job_title) VALUES (6,'Kamal','Camden','eu@ipsumnon.ca','07418812','22-aug-2020',6,'Morbi Tristique Senectus Company');
INSERT INTO employees (employee_id,first_name,last_name,email,phone,hire_date,manager_id,job_title) VALUES (7,'Rahim','Tad','nulla@volutpatNulla.com','04949846','22-aug-2020',7,'Quisque Varius Institute');
INSERT INTO employees (employee_id,first_name,last_name,email,phone,hire_date,manager_id,job_title) VALUES (8,'Wallace','Dale','quis.pede@metusAenean.com','45175967','22-aug-2020',8,'Dolor Quisque Tincidunt Limited');
INSERT INTO employees (employee_id,first_name,last_name,email,phone,hire_date,manager_id,job_title) VALUES (9,'Cain','Chaney','erat@non.ca','29734957','22-aug-2020',9,'Metus In Nec Corporation');
INSERT INTO employees (employee_id,first_name,last_name,email,phone,hire_date,manager_id,job_title) VALUES (10,'Brady','Zachery','semper.Nam@Maecenasornare.org','67400903','22-aug-2020',10,'Nulla At Sem Corporation');
INSERT INTO employees (employee_id,first_name,last_name,email,phone,hire_date,manager_id,job_title) VALUES (11,'Kyle','Kadeem','sem@necanteMaecenas.edu','78840110','22-aug-2020',11,'Id Libero Donec LLP');
INSERT INTO employees (employee_id,first_name,last_name,email,phone,hire_date,manager_id,job_title) VALUES (12,'Brennan','Lamar','ut@a.edu','10374860','22-aug-2020',12,'Urna Nec Institute');
INSERT INTO employees (employee_id,first_name,last_name,email,phone,hire_date,manager_id,job_title) VALUES (13,'Stephen','Nasim','Fusce.aliquet.magna@Donecsollicitudinadipiscing.ca','90251226','22-aug-2020',13,'Nullam Nisl LLP');
INSERT INTO employees (employee_id,first_name,last_name,email,phone,hire_date,manager_id,job_title) VALUES (14,'Amery','Darius','a@dolornonummyac.net','69676018','22-aug-2020',14,'Ultricies Ornare Elit Foundation');
INSERT INTO employees (employee_id,first_name,last_name,email,phone,hire_date,manager_id,job_title) VALUES (15,'Graiden','Aquila','Fusce.aliquet.magna@Nullamsuscipit.edu','47186077','22-aug-2020',15,'Diam Lorem Auctor PC');
INSERT INTO employees (employee_id,first_name,last_name,email,phone,hire_date,manager_id,job_title) VALUES (16,'Warren','Kadeem','odio@nullaInteger.co.uk','53344856','22-aug-2020',16,'Luctus Lobortis Class Corp.');
INSERT INTO employees (employee_id,first_name,last_name,email,phone,hire_date,manager_id,job_title) VALUES (17,'Gregory','Bruno','non.ante@sapienmolestieorci.org','81072173','22-aug-2020',17,'Adipiscing Ligula Aenean Incorporated');
INSERT INTO employees (employee_id,first_name,last_name,email,phone,hire_date,manager_id,job_title) VALUES (18,'Leroy','Dante','nascetur.ridiculus@scelerisquedui.co.uk','13370689','22-aug-2020',18,'Aliquet Libero Integer PC');
INSERT INTO employees (employee_id,first_name,last_name,email,phone,hire_date,manager_id,job_title) VALUES (19,'Blake','Tad','aliquam@blanditcongue.net','48393850','22-aug-2020',19,'Mauris Inc.');
INSERT INTO employees (employee_id,first_name,last_name,email,phone,hire_date,manager_id,job_title) VALUES (20,'Hector','Charles','dui@euismodindolor.edu','68107268','22-aug-2020',20,'Facilisis Vitae LLC');
INSERT INTO employees (employee_id,first_name,last_name,email,phone,hire_date,manager_id,job_title) VALUES (21,'Burke','Kennedy','tincidunt@etlaciniavitae.edu','27292032','22-aug-2020',21,'A Ultricies Adipiscing Corp.');
INSERT INTO employees (employee_id,first_name,last_name,email,phone,hire_date,manager_id,job_title) VALUES (22,'Jack','Yoshio','vitae.erat@duisemperet.edu','23946675','22-aug-2020',22,'Sed Foundation');
INSERT INTO employees (employee_id,first_name,last_name,email,phone,hire_date,manager_id,job_title) VALUES (23,'Oleg','Amal','urna@Sedidrisus.org','77904053','22-aug-2020',23,'Arcu Incorporated');
INSERT INTO employees (employee_id,first_name,last_name,email,phone,hire_date,manager_id,job_title) VALUES (24,'Dylan','Lionel','pede.Cras@loremac.ca','36378088','22-aug-2020',24,'Tellus Limited');
INSERT INTO employees (employee_id,first_name,last_name,email,phone,hire_date,manager_id,job_title) VALUES (25,'Graham','Connor','parturient.montes.nascetur@Donec.co.uk','30284493','22-aug-2020',25,'Tellus Aenean Egestas Corporation');
INSERT INTO employees (employee_id,first_name,last_name,email,phone,hire_date,manager_id,job_title) VALUES (26,'Noble','Samuel','gravida.molestie.arcu@risus.net','42287258','22-aug-2020',26,'Blandit Enim Foundation');
INSERT INTO employees (employee_id,first_name,last_name,email,phone,hire_date,manager_id,job_title) VALUES (27,'Stone','Elvis','condimentum.Donec@aliquamerosturpis.co.uk','87489644','22-aug-2020',27,'Mattis Ltd');
INSERT INTO employees (employee_id,first_name,last_name,email,phone,hire_date,manager_id,job_title) VALUES (28,'Clayton','Zeph','sodales@etcommodoat.ca','00094375','22-aug-2020',28,'Amet Dapibus Id Foundation');


INSERT INTO product_categories (category_id,category_name) VALUES (1,'Vel Vulputate Eu Ltd');
INSERT INTO product_categories (category_id,category_name) VALUES (2,'Pulvinar LLP');
INSERT INTO product_categories (category_id,category_name) VALUES (3,'Erat Vitae Risus Industries');
INSERT INTO product_categories (category_id,category_name) VALUES (4,'Commodo Tincidunt LLP');
INSERT INTO product_categories (category_id,category_name) VALUES (5,'Venenatis A Magna Incorporated');
INSERT INTO product_categories (category_id,category_name) VALUES (6,'Dignissim Magna Incorporated');
INSERT INTO product_categories (category_id,category_name) VALUES (7,'Tristique Corp.');
INSERT INTO product_categories (category_id,category_name) VALUES (8,'Nec Institute');
INSERT INTO product_categories (category_id,category_name) VALUES (9,'Mi Corp.');
INSERT INTO product_categories (category_id,category_name) VALUES (10,'Tristique Institute');
INSERT INTO product_categories (category_id,category_name) VALUES (11,'Tempus Lorem PC');
INSERT INTO product_categories (category_id,category_name) VALUES (12,'Ut LLP');
INSERT INTO product_categories (category_id,category_name) VALUES (13,'Montes Institute');
INSERT INTO product_categories (category_id,category_name) VALUES (14,'Nec Company');
INSERT INTO product_categories (category_id,category_name) VALUES (15,'At LLP');
INSERT INTO product_categories (category_id,category_name) VALUES (16,'Vivamus Euismod Industries');
INSERT INTO product_categories (category_id,category_name) VALUES (17,'Est Mauris Eu LLP');
INSERT INTO product_categories (category_id,category_name) VALUES (18,'Vel Quam Dignissim Associates');

INSERT INTO products (product_id,product_name,standard_cost,list_price,category_id) VALUES (1,'Rutrum Lorem Incorporated','88.03','47.64',1);
INSERT INTO products (product_id,product_name,standard_cost,list_price,category_id) VALUES (2,'Curabitur Dictum Phasellus Industries','14.93','38.11',2);
INSERT INTO products (product_id,product_name,standard_cost,list_price,category_id) VALUES (3,'Quisque Nonummy Ipsum PC','94.81','46.74',3);
INSERT INTO products (product_id,product_name,standard_cost,list_price,category_id) VALUES (4,'Fermentum Convallis Associates','1.59','3.92',4);
INSERT INTO products (product_id,product_name,standard_cost,list_price,category_id) VALUES (5,'Sed Consequat Auctor Ltd','82.94','31.16',5);
INSERT INTO products (product_id,product_name,standard_cost,list_price,category_id) VALUES (6,'Volutpat Nulla Dignissim Incorporated','80.60','7.63',6);
INSERT INTO products (product_id,product_name,standard_cost,list_price,category_id) VALUES (7,'Accumsan Convallis Ante Limited','31.62','93.53',7);
INSERT INTO products (product_id,product_name,standard_cost,list_price,category_id) VALUES (8,'Dis Limited','0.35','73.23',8);
INSERT INTO products (product_id,product_name,standard_cost,list_price,category_id) VALUES (9,'Cum Ltd','74.25','72.72',9);
INSERT INTO products (product_id,product_name,standard_cost,list_price,category_id) VALUES (10,'Congue Consulting','66.14','54.78',10);
INSERT INTO products (product_id,product_name,standard_cost,list_price,category_id) VALUES (11,'Enim Institute','76.96','34.02',11);
INSERT INTO products (product_id,product_name,standard_cost,list_price,category_id) VALUES (12,'Pellentesque PC','71.62','29.44',12);
INSERT INTO products (product_id,product_name,standard_cost,list_price,category_id) VALUES (13,'Orci Associates','67.05','34.34',13);
INSERT INTO products (product_id,product_name,standard_cost,list_price,category_id) VALUES (14,'Magna Company','57.10','55.42',14);
INSERT INTO products (product_id,product_name,standard_cost,list_price,category_id) VALUES (15,'In Ornare Consulting','20.65','98.97',15);
INSERT INTO products (product_id,product_name,standard_cost,list_price,category_id) VALUES (16,'Bibendum Ullamcorper Duis Corp.','30.27','27.39',16);
INSERT INTO products (product_id,product_name,standard_cost,list_price,category_id) VALUES (17,'In Tincidunt Congue Ltd','5.79','43.78',17);
INSERT INTO products (product_id,product_name,standard_cost,list_price,category_id) VALUES (18,'Dictum Industries','32.36','13.24',18);
INSERT INTO products (product_id,product_name,standard_cost,list_price,category_id) VALUES (19,'Lorem Fringilla Ornare Institute','77.31','89.05',19);
INSERT INTO products (product_id,product_name,standard_cost,list_price,category_id) VALUES (20,'Sed Institute','49.17','76.00',20);
INSERT INTO products (product_id,product_name,standard_cost,list_price,category_id) VALUES (21,'At Company','6.55','76.84',21);
INSERT INTO products (product_id,product_name,standard_cost,list_price,category_id) VALUES (22,'Metus Vivamus Euismod LLC','25.87','19.51',22);



INSERT INTO customers (customer_id,name,address,credit_limit,website) VALUES (1,'Et Eros Consulting','494-5635 Vitae, Road','12.46','Armo');
INSERT INTO customers (customer_id,name,address,credit_limit,website) VALUES (2,'Pellentesque Tincidunt Tempus Consulting','236-2611 Tellus Ave','41.39','Guarulhos');
INSERT INTO customers (customer_id,name,address,credit_limit,website) VALUES (3,'Quis Diam Pellentesque LLP','630-7021 Neque. Street','72.29','Llangefni');
INSERT INTO customers (customer_id,name,address,credit_limit,website) VALUES (4,'Faucibus Ltd','Ap #809-6843 Ultrices, St.','43.31','Kent');
INSERT INTO customers (customer_id,name,address,credit_limit,website) VALUES (5,'Varius Orci In LLC','P.O. Box 813, 3399 Duis Av.','80.36','Retiro');
INSERT INTO customers (customer_id,name,address,credit_limit,website) VALUES (6,'Enim Sit Amet Consulting','4734 Arcu Street','93.68','Brescia');
INSERT INTO customers (customer_id,name,address,credit_limit,website) VALUES (7,'Nisi Sem Semper Inc.','P.O. Box 793, 5028 Amet Rd.','33.94','East Jakarta');
INSERT INTO customers (customer_id,name,address,credit_limit,website) VALUES (8,'Faucibus Id Libero Institute','349-1479 Molestie St.','52.34','Bala');
INSERT INTO customers (customer_id,name,address,credit_limit,website) VALUES (9,'Neque Corp.','Ap #955-8562 Amet St.','96.13','Acapulco');
INSERT INTO customers (customer_id,name,address,credit_limit,website) VALUES (10,'Enim Non Ltd','Ap #795-2203 Ante Road','24.43','Deline');
INSERT INTO customers (customer_id,name,address,credit_limit,website) VALUES (11,'Gravida Sit Foundation','867-7662 Dolor Street','86.03','Lac Ste. Anne');
INSERT INTO customers (customer_id,name,address,credit_limit,website) VALUES (12,'Pulvinar Arcu Et Institute','P.O. Box 478, 6591 Odio. Rd.','54.25','Nadiad');
INSERT INTO customers (customer_id,name,address,credit_limit,website) VALUES (13,'Diam Duis Mi Corp.','Ap #322-7293 Nec Street','46.04','Oostkerke');
INSERT INTO customers (customer_id,name,address,credit_limit,website) VALUES (14,'Nunc Laoreet LLC','Ap #144-9957 Porttitor Avenue','62.15','Midway');
INSERT INTO customers (customer_id,name,address,credit_limit,website) VALUES (15,'Libero Nec Incorporated','541-7232 Donec Street','17.12','Guysborough');
INSERT INTO customers (customer_id,name,address,credit_limit,website) VALUES (16,'Vulputate Dui Nec Institute','961-7718 Posuere Street','65.98','Shimoga');
INSERT INTO customers (customer_id,name,address,credit_limit,website) VALUES (17,'Erat Etiam Company','7665 Eget, Rd.','23.89','Leerbeek');


INSERT INTO contacts (contact_id,first_name,last_name,email,phone,customer_id) VALUES (1,'Lamar','Beau','penatibus@egetdictum.edu','16970708 5388',1);
INSERT INTO contacts (contact_id,first_name,last_name,email,phone,customer_id) VALUES (2,'Damon','Axel','a.dui.Cras@et.edu','16561102 0875',2);
INSERT INTO contacts (contact_id,first_name,last_name,email,phone,customer_id) VALUES (3,'Hamish','Jonah','posuere.enim@aliquetnec.org','16931203 7204',3);
INSERT INTO contacts (contact_id,first_name,last_name,email,phone,customer_id) VALUES (4,'Sebastian','Malik','Aliquam.fringilla@atvelit.org','16651115 9003',4);
INSERT INTO contacts (contact_id,first_name,last_name,email,phone,customer_id) VALUES (5,'Aladdin','Laith','montes.nascetur@maurisrhoncus.edu','16050416 9384',5);
INSERT INTO contacts (contact_id,first_name,last_name,email,phone,customer_id) VALUES (6,'Elijah','Octavius','ac.fermentum.vel@felisegetvarius.co.uk','16610316 5590',6);
INSERT INTO contacts (contact_id,first_name,last_name,email,phone,customer_id) VALUES (7,'Alfonso','Mohammad','Donec@SeddictumProin.org','16790923 8789',7);
INSERT INTO contacts (contact_id,first_name,last_name,email,phone,customer_id) VALUES (8,'Jameson','Abel','lorem.sit.amet@Sed.org','16620717 1544',8);
INSERT INTO contacts (contact_id,first_name,last_name,email,phone,customer_id) VALUES (9,'Benjamin','Rudyard','euismod.in@magnaNamligula.co.uk','16450902 1178',9);
INSERT INTO contacts (contact_id,first_name,last_name,email,phone,customer_id) VALUES (10,'Jason','Anthony','vulputate.risus.a@eratnonummyultricies.com','16040506 2662',10);
INSERT INTO contacts (contact_id,first_name,last_name,email,phone,customer_id) VALUES (11,'Donovan','Alexander','tempus@estcongue.ca','16510619 6636',11);
INSERT INTO contacts (contact_id,first_name,last_name,email,phone,customer_id) VALUES (12,'Craig','Silas','eget.massa@euarcuMorbi.net','16200404 2269',12);
INSERT INTO contacts (contact_id,first_name,last_name,email,phone,customer_id) VALUES (13,'Hammett','Lester','consectetuer.adipiscing.elit@lacus.ca','16390401 1735',13);
INSERT INTO contacts (contact_id,first_name,last_name,email,phone,customer_id) VALUES (14,'Caesar','Stone','feugiat.nec@convallisligula.org','16090709 9691',14);
INSERT INTO contacts (contact_id,first_name,last_name,email,phone,customer_id) VALUES (15,'Damon','Dolan','lacinia.vitae.sodales@euismod.org','16081111 5591',15);
INSERT INTO contacts (contact_id,first_name,last_name,email,phone,customer_id) VALUES (16,'Adrian','Richard','sed.dolor.Fusce@natoquepenatibus.edu','16070309 3252',16);
INSERT INTO contacts (contact_id,first_name,last_name,email,phone,customer_id) VALUES (17,'Conan','Kenyon','vitae@etlaciniavitae.edu','16820719 2611',17);
INSERT INTO contacts (contact_id,first_name,last_name,email,phone,customer_id) VALUES (18,'Ignatius','Mufutau','interdum.libero.dui@cursus.edu','16250719 3965',18);
INSERT INTO contacts (contact_id,first_name,last_name,email,phone,customer_id) VALUES (19,'Kevin','Leroy','risus.Quisque.libero@euaugue.ca','16860211 3303',19);
INSERT INTO contacts (contact_id,first_name,last_name,email,phone,customer_id) VALUES (20,'Conan','Reese','parturient.montes@sem.com','16460607 7065',20);



Insert into ORDERS  (ORDER_ID,CUSTOMER_ID,STATUS,SALESMAN_ID,ORDER_DATE) values (105,1,'Pending',54,to_date('17-NOV-16','DD-MON-RR'));
Insert into ORDERS  (ORDER_ID,CUSTOMER_ID,STATUS,SALESMAN_ID,ORDER_DATE) values (44,2,'Pending',55,to_date('20-FEB-17','DD-MON-RR'));
Insert into ORDERS  (ORDER_ID,CUSTOMER_ID,STATUS,SALESMAN_ID,ORDER_DATE) values (101,3,'Pending',55,to_date('03-JAN-17','DD-MON-RR'));
Insert into ORDERS  (ORDER_ID,CUSTOMER_ID,STATUS,SALESMAN_ID,ORDER_DATE) values (1,4,'Pending',56,to_date('15-OCT-17','DD-MON-RR'));
Insert into ORDERS  (ORDER_ID,CUSTOMER_ID,STATUS,SALESMAN_ID,ORDER_DATE) values (5,5,'Canceled',56,to_date('09-APR-17','DD-MON-RR'));
Insert into ORDERS  (ORDER_ID,CUSTOMER_ID,STATUS,SALESMAN_ID,ORDER_DATE) values (28,6,'Canceled',57,to_date('15-AUG-17','DD-MON-RR'));
Insert into ORDERS  (ORDER_ID,CUSTOMER_ID,STATUS,SALESMAN_ID,ORDER_DATE) values (87,7,'Canceled',57,to_date('01-DEC-16','DD-MON-RR'));
Insert into ORDERS  (ORDER_ID,CUSTOMER_ID,STATUS,SALESMAN_ID,ORDER_DATE) values (4,8,'Shipped',59,to_date('09-APR-15','DD-MON-RR'));
Insert into ORDERS  (ORDER_ID,CUSTOMER_ID,STATUS,SALESMAN_ID,ORDER_DATE) values (41,9,'Shipped',59,to_date('11-MAY-17','DD-MON-RR'));
Insert into ORDERS  (ORDER_ID,CUSTOMER_ID,STATUS,SALESMAN_ID,ORDER_DATE) values (82,44,'Shipped',60,to_date('03-DEC-16','DD-MON-RR'));
Insert into ORDERS  (ORDER_ID,CUSTOMER_ID,STATUS,SALESMAN_ID,ORDER_DATE) values (102,45,'Shipped',61,to_date('20-DEC-16','DD-MON-RR'));
Insert into ORDERS  (ORDER_ID,CUSTOMER_ID,STATUS,SALESMAN_ID,ORDER_DATE) values (26,46,'Shipped',62,to_date('16-AUG-16','DD-MON-RR'));
Insert into ORDERS  (ORDER_ID,CUSTOMER_ID,STATUS,SALESMAN_ID,ORDER_DATE) values (43,47,'Shipped',62,to_date('02-MAY-15','DD-MON-RR'));
Insert into ORDERS  (ORDER_ID,CUSTOMER_ID,STATUS,SALESMAN_ID,ORDER_DATE) values (53,48,'Shipped',62,to_date('29-SEP-16','DD-MON-RR'));
Insert into ORDERS  (ORDER_ID,CUSTOMER_ID,STATUS,SALESMAN_ID,ORDER_DATE) values (81,49,'Shipped',62,to_date('13-DEC-16','DD-MON-RR'));
Insert into ORDERS  (ORDER_ID,CUSTOMER_ID,STATUS,SALESMAN_ID,ORDER_DATE) values (83,16,'Shipped',62,to_date('02-DEC-16','DD-MON-RR'));
Insert into ORDERS  (ORDER_ID,CUSTOMER_ID,STATUS,SALESMAN_ID,ORDER_DATE) values (93,17,'Shipped',62,to_date('27-OCT-16','DD-MON-RR'));
Insert into ORDERS  (ORDER_ID,CUSTOMER_ID,STATUS,SALESMAN_ID,ORDER_DATE) values (94,1,'Shipped',62,to_date('27-OCT-17','DD-MON-RR'));
Insert into ORDERS  (ORDER_ID,CUSTOMER_ID,STATUS,SALESMAN_ID,ORDER_DATE) values (79,2,'Shipped',64,to_date('14-DEC-16','DD-MON-RR'));
Insert into ORDERS  (ORDER_ID,CUSTOMER_ID,STATUS,SALESMAN_ID,ORDER_DATE) values (80,3,'Shipped',64,to_date('13-DEC-16','DD-MON-RR'));


INSERT INTO order_items (order_id,item_id,product_id,quantity,unit_price) VALUES (1,1,1,1,1);
INSERT INTO order_items (order_id,item_id,product_id,quantity,unit_price) VALUES (2,2,2,2,2);
INSERT INTO order_items (order_id,item_id,product_id,quantity,unit_price) VALUES (3,3,3,3,3);
INSERT INTO order_items (order_id,item_id,product_id,quantity,unit_price) VALUES (4,4,4,4,4);
INSERT INTO order_items (order_id,item_id,product_id,quantity,unit_price) VALUES (5,5,5,5,5);
INSERT INTO order_items (order_id,item_id,product_id,quantity,unit_price) VALUES (6,6,6,6,6);
INSERT INTO order_items (order_id,item_id,product_id,quantity,unit_price) VALUES (7,7,7,7,7);
INSERT INTO order_items (order_id,item_id,product_id,quantity,unit_price) VALUES (8,8,8,8,8);
INSERT INTO order_items (order_id,item_id,product_id,quantity,unit_price) VALUES (9,9,9,9,9);
INSERT INTO order_items (order_id,item_id,product_id,quantity,unit_price) VALUES (10,10,10,10,10);
INSERT INTO order_items (order_id,item_id,product_id,quantity,unit_price) VALUES (11,11,11,11,11);
INSERT INTO order_items (order_id,item_id,product_id,quantity,unit_price) VALUES (12,12,12,12,12);
INSERT INTO order_items (order_id,item_id,product_id,quantity,unit_price) VALUES (13,13,13,13,13);
INSERT INTO order_items (order_id,item_id,product_id,quantity,unit_price) VALUES (14,14,14,14,14);
INSERT INTO order_items (order_id,item_id,product_id,quantity,unit_price) VALUES (15,15,15,15,15);
INSERT INTO order_items (order_id,item_id,product_id,quantity,unit_price) VALUES (16,16,16,16,16);
INSERT INTO order_items (order_id,item_id,product_id,quantity,unit_price) VALUES (17,17,17,17,17);
INSERT INTO order_items (order_id,item_id,product_id,quantity,unit_price) VALUES (18,18,18,18,18);
INSERT INTO order_items (order_id,item_id,product_id,quantity,unit_price) VALUES (19,19,19,19,19);
INSERT INTO order_items (order_id,item_id,product_id,quantity,unit_price) VALUES (20,20,20,20,20);


INSERT INTO inventories (product_id,warehouse_id,quantity) VALUES (1,1,1);
INSERT INTO inventories (product_id,warehouse_id,quantity) VALUES (2,2,2);
INSERT INTO inventories (product_id,warehouse_id,quantity) VALUES (3,3,3);
INSERT INTO inventories (product_id,warehouse_id,quantity) VALUES (4,4,4);
INSERT INTO inventories (product_id,warehouse_id,quantity) VALUES (5,5,5);
INSERT INTO inventories (product_id,warehouse_id,quantity) VALUES (6,6,6);
INSERT INTO inventories (product_id,warehouse_id,quantity) VALUES (7,7,7);
INSERT INTO inventories (product_id,warehouse_id,quantity) VALUES (8,8,8);
INSERT INTO inventories (product_id,warehouse_id,quantity) VALUES (9,9,9);
INSERT INTO inventories (product_id,warehouse_id,quantity) VALUES (10,10,10);
INSERT INTO inventories (product_id,warehouse_id,quantity) VALUES (11,11,11);
INSERT INTO inventories (product_id,warehouse_id,quantity) VALUES (12,12,12);
INSERT INTO inventories (product_id,warehouse_id,quantity) VALUES (13,13,13);
INSERT INTO inventories (product_id,warehouse_id,quantity) VALUES (14,14,14);
INSERT INTO inventories (product_id,warehouse_id,quantity) VALUES (15,15,15);
INSERT INTO inventories (product_id,warehouse_id,quantity) VALUES (16,16,16);
INSERT INTO inventories (product_id,warehouse_id,quantity) VALUES (17,17,17);
INSERT INTO inventories (product_id,warehouse_id,quantity) VALUES (18,18,18);
INSERT INTO inventories (product_id,warehouse_id,quantity) VALUES (19,19,19);
INSERT INTO inventories (product_id,warehouse_id,quantity) VALUES (20,20,20);
INSERT INTO inventories (product_id,warehouse_id,quantity) VALUES (21,21,21);
INSERT INTO inventories (product_id,warehouse_id,quantity) VALUES (22,22,22);
INSERT INTO inventories (product_id,warehouse_id,quantity) VALUES (23,23,23);
INSERT INTO inventories (product_id,warehouse_id,quantity) VALUES (24,24,24);
